week,away,home,away_score,home_score,model_away,model_home,spread,total,winner_correct,ats_correct,ou_correct
1,DAL,PHI,20,24,28.5,33.7,-8.5,47.5,true,,
1,KC,LAC,21,27,31.4,32.2,3,46.5,true,,
1,ARI,NO,20,13,19.5,23.5,6.5,43.5,false,,
1,PIT,NYJ,34,32,25.7,26,3,38.5,false,,
1,MIA,IND,8,33,26.1,22.6,-1.5,47.5,false,,
1,TB,ATL,23,20,25.1,29.7,1.5,47.5,false,,
1,NYG,WAS,6,21,15.1,25,-5.5,45.5,true,,
1,CAR,JAX,10,26,13.1,18.1,-3.5,46.5,true,,
1,CIN,CLE,17,16,28.4,19.9,5.5,47.5,true,,
1,LV,NE,20,13,12.9,13,-3,43.5,false,,
1,SF,SEA,17,13,28.5,29.3,2.5,43.5,false,,
1,TEN,DEN,12,20,17.3,22.8,-7.5,42.5,true,,
1,HOU,LAR,9,14,29.9,29.7,-3,43.5,false,,
1,DET,GB,13,27,33.7,30.8,-2.5,47.5,false,,
1,BAL,BUF,40,41,34.9,37.9,1.5,50.5,true,,
1,MIN,CHI,27,24,28.8,25.5,1.5,44.5,true,,
2,WAS,GB,18,27,25.2,29.2,-3,48.5,true,,
2,LAR,TEN,33,19,24,19.1,5.5,45.5,true,,
2,NYG,DAL,37,40,17.2,27.3,-3,44.5,true,,
2,SF,NO,26,21,29.1,27.2,7,44.5,true,,
2,BUF,NYJ,30,10,35.8,26.2,8.5,44.5,true,,
2,NE,MIA,33,27,12.6,27.3,-2.5,45.5,false,,
2,SEA,PIT,31,17,27,24.8,-2.5,41.5,true,,
2,CHI,DET,21,52,22.4,34.9,-4.5,48.5,true,,
2,JAX,CIN,27,31,18.4,27.9,-5.5,49.5,true,,
2,CLE,BAL,17,41,20.4,36,-12.5,44.5,true,,
2,CAR,ARI,22,27,13.5,18.5,-4.5,46.5,true,,
2,DEN,IND,28,29,22.3,25.2,3.5,44.5,true,,
2,PHI,KC,20,17,31.9,34.7,-1.5,45.5,false,,
2,ATL,MIN,22,6,27.9,32.2,-4.5,45.5,false,,
2,TB,HOU,20,19,25.1,32,-1.5,46.5,false,,
2,LAC,LV,20,9,24.8,18.6,3,44.5,true,,
3,MIA,BUF,21,31,29.6,35.1,-8.5,48.5,true,,
3,IND,TEN,41,20,18,17.1,-1.5,45.5,true,,
3,CIN,MIN,10,48,28.5,30.8,-1.5,47.5,true,,
3,PIT,NE,21,14,21.2,18.3,-1.5,43.5,true,,
3,LAR,PHI,26,33,28.7,33.4,-4.5,46.5,true,,
3,NYJ,TB,27,29,21.7,29.6,-7.5,45.5,true,,
3,LV,WAS,24,41,14.4,24.1,-7.5,47.5,true,,
3,ATL,CAR,0,30,22.7,17.7,-1.5,46.5,false,,
3,HOU,JAX,10,17,27.1,22.2,1.5,46.5,false,,
3,GB,CLE,10,13,28.7,21.7,6.5,43.5,false,,
3,NO,SEA,13,44,21.5,26.7,-6.5,43.5,true,,
3,DEN,LAC,20,23,24.2,31.9,-1.5,44.5,true,,
3,ARI,SF,15,16,22,30.5,-3.5,47.5,true,,
3,DAL,CHI,14,31,26.2,25.5,-3,47.5,false,,
3,KC,NYG,22,9,28.6,20.4,6.5,43.5,true,,
3,DET,BAL,38,30,34.9,35.6,-3.5,49.5,false,,
4,SEA,ARI,23,20,23.1,21.3,-2.5,46.5,true,,
4,MIN,PIT,21,24,31.8,27.2,1.5,42.5,false,,
4,TEN,HOU,0,26,15.8,28.4,-6,44.5,true,,
4,PHI,TB,31,25,30.4,29,2.5,48.5,true,,
4,CAR,NE,13,42,12.7,12.1,-3.5,45.5,false,,
4,LAC,NYG,18,21,25.7,19.2,3.5,43.5,false,,
4,WAS,ATL,27,34,24.8,28.4,3.5,48.5,true,,
4,NO,BUF,19,31,25.1,35.6,-12.5,46.5,true,,
4,CLE,DET,10,34,19.3,36.7,-10.5,45.5,true,,
4,IND,LAR,20,27,22,28.5,-6.5,46.5,true,,
4,JAX,SF,26,21,21.7,30.2,-5.5,48.5,false,,
4,CHI,LV,25,24,18.7,17.1,1.5,45.5,true,,
4,BAL,KC,20,37,34.3,35,-1.5,48.5,true,,
4,GB,DAL,40,40,28.9,30,2.5,47.5,true,,
4,NYJ,MIA,21,27,20.2,31.8,-5.5,44.5,true,,
4,CIN,DEN,3,28,28.9,24.6,-2.5,47.5,false,,
5,SF,LAR,26,23,30.5,31.6,-1.5,47.5,false,,
5,MIN,CLE,21,17,30.6,22.3,7,41.5,true,,
5,NYG,NO,14,26,15.5,23,1.5,42.5,true,,
5,DAL,NYJ,37,22,29.1,25,2.5,44.5,true,,
5,DEN,PHI,21,17,25,34.1,-4.5,45.5,false,,
5,HOU,BAL,44,10,30.9,35,-7.5,47.5,false,,
5,LV,IND,6,40,14.2,20.5,-1.5,44.5,true,,
5,MIA,CAR,24,27,23.2,16.5,1.5,46.5,false,,
5,TB,SEA,38,35,23.8,27.7,1.5,47.5,false,,
5,TEN,ARI,22,21,14.1,19.3,-5.5,46.5,false,,
5,WAS,LAC,27,10,25.4,29.4,-1.5,47.5,false,,
5,DET,CIN,37,24,31.9,30.5,1.5,50.5,true,,
5,NE,BUF,23,20,16,33.8,-8.5,46.5,false,,
5,KC,JAX,28,31,28.7,24,4.5,47.5,false,,
6,PHI,NYG,17,34,27.9,20,7,43.5,false,,
6,DEN,NYJ,13,11,25.6,25.4,6.5,42.5,true,,
6,CLE,PIT,9,23,20.9,27.1,-6.5,42.5,true,,
6,DAL,CAR,27,30,22.9,18.8,1.5,46.5,false,,
6,SEA,JAX,20,12,22.8,21,-1.5,46.5,true,,
6,LAR,BAL,17,3,28.9,35.8,-5.5,48.5,false,,
6,ARI,IND,27,31,18.9,22,1.5,47.5,true,,
6,LAC,MIA,29,27,26.8,30.4,2.5,45.5,false,,
6,NE,NO,25,19,13.1,22.8,3,43.5,false,,
6,TEN,LV,10,20,12.7,14.7,-3,44.5,true,,
6,SF,TB,19,30,30.1,29.5,-1.5,48.5,false,,
6,CIN,GB,18,27,27.9,28.8,-3,48.5,true,,
6,DET,KC,17,30,35,33.8,-3,48.5,false,,
6,BUF,ATL,14,24,33.8,31.7,5.5,48.5,false,,
6,CHI,WAS,25,24,20.9,26.4,-4.5,48.5,false,,
7,PIT,CIN,31,33,22.2,32.1,-4.5,46.5,true,,
7,LAR,JAX,35,7,25.1,23,3.5,47.5,true,,
7,NE,TEN,31,13,10.5,15.9,1.5,44.5,false,,
7,LV,KC,0,31,17.2,30.1,-9.5,45.5,true,,
7,PHI,MIN,28,22,31.2,33.6,3,44.5,false,,
7,NO,CHI,14,26,21.9,23.8,-7.5,44.5,true,,
7,MIA,CLE,6,31,28.2,20.1,1.5,43.5,false,,
7,CAR,NYJ,13,6,17.2,19.8,-1.5,43.5,false,,
7,IND,LAC,38,24,21.9,29.2,-6,45.5,false,,
7,NYG,DEN,32,33,17.6,23.8,-7.5,42.5,true,,
7,GB,ARI,27,23,26,23.1,2.5,47.5,true,,
7,WAS,DAL,22,44,25.9,28.5,3,48.5,true,,
7,ATL,SF,10,20,28.8,32.3,-6.5,47.5,true,,
7,TB,DET,9,24,25.6,36.1,-3.5,49.5,true,,
7,HOU,SEA,19,27,27.9,27.3,-1.5,44.5,false,,
8,MIN,LAC,10,37,30.3,31.5,-3,44.5,true,,
8,SF,HOU,15,26,29.7,33.6,1.5,45.5,true,,
8,BUF,CAR,40,9,29.7,20,7,47.5,true,,
8,MIA,ATL,34,10,27.3,28.2,-1.5,46.5,false,,
8,NYJ,CIN,39,38,20,32,-7.5,45.5,false,,
8,CHI,BAL,16,30,23.6,34.2,-7,48.5,true,,
8,CLE,NE,13,32,16.3,17.2,-5.5,42.5,true,,
8,NYG,PHI,20,38,17.5,30.4,-10.5,43.5,true,,
8,TB,NO,23,3,24.5,25.6,5.5,45.5,false,,
8,DAL,DEN,24,44,28.5,27.2,-5.5,45.5,false,,
8,TEN,IND,14,38,14.6,20.5,-3.5,44.5,true,,
8,GB,PIT,35,25,29.9,26.6,2.5,44.5,true,,
8,WAS,KC,7,28,26.5,32.3,-3.5,48.5,true,,
9,BAL,MIA,28,6,31.4,31.5,5.5,47.5,false,,
9,DEN,HOU,18,15,23.5,33.2,1.5,45.5,false,,
9,CAR,GB,16,13,15.6,26.1,-7.5,45.5,false,,
9,LAC,TEN,27,20,24.7,19,4.5,44.5,true,,
9,CHI,CIN,47,42,20.5,29.1,-3,48.5,false,,
9,MIN,DET,27,24,30.2,36.8,-4.5,47.5,false,,
9,ATL,NE,23,24,24.4,16.2,-3,44.5,false,,
9,SF,NYG,34,24,27.5,20.5,3.5,44.5,true,,
9,IND,PIT,20,27,23.3,24.9,-3.5,44.5,true,,
9,JAX,LV,30,29,16.6,15.8,-1.5,45.5,true,,
9,NO,LAR,10,34,23.5,29.1,-9.5,44.5,true,,
9,KC,BUF,21,28,33.1,38,-2.5,48.5,true,,
9,SEA,WAS,38,14,23.8,26,-5.5,47.5,false,,
9,ARI,DAL,27,17,21.2,27.8,-1.5,47.5,false,,
10,LV,DEN,7,10,16.9,22.9,-6.5,43.5,true,,
10,ATL,IND,25,31,25.6,23.7,1.5,44.5,false,,
10,NYG,CHI,20,24,15.3,22.2,-5.5,43.5,true,,
10,BAL,MIN,27,19,33.6,33.9,3.5,46.5,false,,
10,JAX,HOU,29,36,19.7,29.6,-3.5,45.5,true,,
10,NE,TB,28,23,14.1,25.1,-4.5,46.5,false,,
10,NO,CAR,17,7,18.6,17,-4.5,43.5,true,,
10,CLE,NYJ,20,27,20.8,24.8,-2.5,40.5,true,,
10,BUF,MIA,13,30,32.6,32.1,5.5,48.5,false,,
10,ARI,SEA,22,44,18.8,25.6,-1.5,45.5,true,,
10,LAR,SF,42,26,29.1,33,-1.5,46.5,false,,
10,DET,WAS,44,22,32.2,27.8,-1.5,49.5,true,,
10,PIT,LAC,10,25,24.3,32.6,-4.5,43.5,true,,
10,PHI,GB,10,7,30.6,31.7,1.5,45.5,false,,
11,NYJ,NE,14,27,18.9,18.2,-5.5,42.5,false,,
11,WAS,MIA,13,16,23.6,28.8,4.5,48.5,true,,
11,HOU,TEN,16,13,25.9,18.3,3,43.5,true,,
11,CHI,MIN,19,17,23,31.3,-2.5,45.5,false,,
11,CIN,PIT,12,34,29.6,24.7,1.5,46.5,false,,
11,LAC,JAX,6,35,25.9,22.9,1.5,46.5,false,,
11,CAR,ATL,30,27,15.2,25.2,-3,45.5,false,,
11,TB,BUF,32,44,27.4,36.6,-5.5,49.5,true,,
11,GB,NYG,27,20,25.5,19.1,4.5,43.5,true,,
11,SEA,LAR,19,21,25.6,28.4,-4.5,45.5,true,,
11,SF,ARI,41,22,28,24.5,1.5,47.5,true,,
11,KC,DEN,19,22,32.3,27.8,1.5,45.5,false,,
11,BAL,CLE,23,16,33.5,22.9,8.5,44.5,true,,
11,DET,PHI,9,16,34.7,33.2,-3.5,47.5,false,,
11,DAL,LV,33,16,23.9,19.1,1.5,45.5,true,,
12,BUF,HOU,19,23,33.7,34,3.5,46.5,true,,
12,PIT,CHI,28,31,22.8,26.5,-2.5,44.5,true,,
12,MIN,GB,6,23,30.1,31.3,-3.5,45.5,true,,
12,SEA,TEN,30,24,21.6,17.1,1.5,44.5,true,,
12,IND,KC,20,23,23,32.1,-9.5,45.5,true,,
12,NE,CIN,26,20,12.3,27.5,-4.5,47.5,false,,
12,NYJ,BAL,10,23,23.1,37.1,-11.5,44.5,true,,
12,NYG,DET,27,34,16.6,33.5,-8.5,45.5,true,,
12,CLE,LV,24,10,15.6,18.9,-3.5,41.5,false,,
12,JAX,ARI,27,24,18.1,20.5,-3,47.5,false,,
12,ATL,NO,24,10,26.2,25.3,1.5,43.5,true,,
12,PHI,DAL,21,24,31.2,31,5.5,46.5,false,,
12,TB,LAR,7,34,25.8,30.1,-2.5,47.5,true,,
12,CAR,SF,9,20,17.1,28.1,-7,46.5,true,,
13,GB,DET,31,24,28.3,36.2,-2.5,48.5,false,,
13,KC,DAL,28,31,31.9,31.3,5.5,47.5,false,,
13,CIN,BAL,32,14,29.1,33.6,-5.5,49.5,false,,
13,CHI,PHI,24,15,23.3,31.8,-7,46.5,false,,
13,JAX,TEN,25,3,16.5,16.3,1.5,45.5,true,,
13,HOU,IND,20,16,28,23.7,1.5,44.5,true,,
13,NO,MIA,17,21,21.6,29.2,-6,44.5,true,,
13,ATL,NYJ,24,27,28.9,23.9,1.5,43.5,false,,
13,ARI,TB,17,20,20.4,25.9,-3.5,48.5,true,,
13,LAR,CAR,28,31,23.1,18.4,3.5,45.5,false,,
13,SF,CLE,26,8,30.7,23.2,6,42.5,true,,
13,MIN,SEA,0,26,28.4,28.4,-1.5,43.5,true,,
13,LV,LAC,14,31,16.1,27.3,-6.5,44.5,true,,
13,BUF,PIT,26,7,35.9,28.5,4.5,46.5,true,,
13,DEN,WAS,27,26,22.5,28.7,-2.5,46.5,false,,
13,NYG,NE,15,33,13.6,14,-3,42.5,true,,
14,DAL,DET,30,44,27.6,36.9,-6,48.5,true,,
14,WAS,MIN,0,31,25.8,31.2,1.5,47.5,true,,
14,MIA,NYJ,34,10,29.3,22.7,1.5,43.5,true,,
14,SEA,ATL,37,9,24.9,28.1,-1.5,45.5,false,,
14,PIT,BAL,27,22,25.3,37.2,-8.5,46.5,false,,
14,NO,TB,24,20,23.1,27,-9.5,45.5,false,,
14,IND,JAX,19,36,19.1,21,-3,46.5,true,,
14,TEN,CLE,31,29,16.8,18,-1.5,41.5,false,,
14,CIN,BUF,34,39,29.8,34.9,-5.5,49.5,true,,
14,DEN,LV,24,17,20.4,19.4,3.5,43.5,true,,
14,CHI,GB,21,28,22.4,29.4,-3.5,46.5,true,,
14,LAR,ARI,45,17,25.5,23.3,1.5,47.5,true,,
14,HOU,KC,20,10,31,33.3,-6.5,45.5,false,,
14,PHI,LAC,19,22,30.8,31.9,2.5,45.5,true,,
15,ATL,TB,29,28,27.2,27.6,-5.5,47.5,false,,
15,ARI,HOU,20,40,20.1,30,-2.5,45.5,true,,
15,CLE,CHI,3,31,17.9,25.3,-7,42.5,true,,
15,LAC,KC,16,13,29.7,33.9,-4.5,45.5,false,,
15,BAL,CIN,24,0,31.1,31.6,2.5,49.5,false,,
15,BUF,NE,35,31,31.3,18.5,4.5,46.5,true,,
15,WAS,NYG,29,21,22.5,17.6,4.5,45.5,true,,
15,LV,PHI,0,31,16.9,29.4,-10.5,44.5,true,,
15,NYJ,JAX,20,48,19.3,24.3,-4.5,43.5,true,,
15,TEN,SF,24,37,17.8,29,-7.5,45.5,true,,
15,IND,SEA,16,18,19.9,26.1,-3.5,44.5,true,,
15,DET,LAR,34,41,34,30.3,1.5,48.5,false,,
15,GB,DEN,26,34,29.2,26.5,-1.5,44.5,false,,
15,CAR,NO,17,20,14.5,21.1,1.5,43.5,true,,
15,MIN,DAL,34,26,30.8,30.6,2.5,45.5,true,,
15,MIA,PIT,15,28,29.4,25,-3,44.5,false,,
16,LAR,SEA,37,38,25.9,28.1,1.5,44.5,true,,
16,PHI,WAS,29,18,29.1,28.7,1.5,47.5,true,,
16,GB,CHI,16,22,26.9,24.9,3,46.5,false,,
16,LAC,DAL,34,17,29.1,30.2,2.5,46.5,false,,
16,KC,TEN,9,26,27.5,20.1,7,44.5,false,,
16,NYJ,NO,6,29,20.8,27.3,-1.5,41.5,true,,
16,MIN,NYG,16,13,27.4,19.7,2.5,42.5,true,,
16,TB,CAR,20,23,21,18,3.5,47.5,false,,
16,BUF,CLE,23,20,34.7,23.6,8.5,43.5,true,,
16,CIN,MIA,45,21,26.3,28.4,1.5,50.5,false,,
16,JAX,DEN,34,20,21.2,23.9,-5.5,45.5,false,,
16,ATL,ARI,26,19,25.2,22.6,-3.5,46.5,true,,
16,LV,HOU,21,23,15.4,28.5,-4.5,43.5,true,,
16,PIT,DET,29,24,24.2,37.9,-6,45.5,false,,
16,NE,BAL,28,24,15.4,32.6,-2.5,48.5,false,,
16,SF,IND,48,27,28.5,25.6,3,46.5,true,,
17,DAL,WAS,30,23,26,28.4,-5.5,48.5,false,,
17,DET,MIN,10,23,34.3,32.7,2.5,46.5,false,,
17,DEN,KC,20,13,25.3,34.8,-4.5,44.5,false,,
17,HOU,LAC,20,16,29.8,30.4,1.5,39.5,false,,
17,BAL,GB,41,24,33,31.9,1.5,46.5,true,,
17,SEA,CAR,27,10,20.7,16.4,1.5,43.5,true,,
17,ARI,CIN,14,37,18.7,28.3,-3.5,47.5,true,,
17,NO,TEN,34,26,19.5,17.7,-3.5,42.5,true,,
17,JAX,IND,23,17,18.5,21.6,-1.5,45.5,false,,
17,TB,MIA,17,20,23.9,30.1,1.5,47.5,true,,
17,NE,NYJ,42,10,15.7,21.4,1.5,41.5,false,,
17,PIT,CLE,6,13,24.6,23.4,2.5,40.5,false,,
17,NYG,LV,34,10,12.9,15.7,-2.5,42.5,false,,
17,PHI,BUF,13,12,32.4,37.7,-1.5,46.5,false,,
17,CHI,SF,38,42,23.8,31.4,-3.5,46.5,true,,
17,LAR,ATL,24,27,27.2,30.1,3,46.5,true,,
18,CAR,TB,14,16,15.5,23.5,-2.5,43.5,true,,
18,SEA,SF,13,3,26.8,31,-4.5,44.5,false,,
18,IND,HOU,30,38,21.2,30.5,-4.5,,true,,
18,GB,MIN,3,16,28.8,32.6,1.5,44.5,true,,
18,CLE,CIN,20,18,17.4,30.9,-8.5,43.5,false,,
18,NO,ATL,17,19,22.8,28.7,-4.5,,true,,
18,DAL,NYG,17,34,24.8,19.7,1.5,,false,,
18,TEN,JAX,7,41,13.8,19,-4.5,43.5,true,,
18,KC,LV,12,14,27.6,19.7,6,,false,,
18,ARI,LAR,20,37,20.8,28,-4.5,45.5,true,,
18,LAC,DEN,3,19,29.4,26.7,-2.5,42.5,false,,
18,DET,CHI,19,16,32.4,24.9,1.5,,true,,
18,NYJ,BUF,8,35,23.7,38.3,-9.5,,true,,
18,MIA,NE,10,38,24.8,15.1,-2.5,,false,,
18,WAS,PHI,24,17,26.2,31.6,-4.5,,false,,
18,BAL,PIT,24,26,34.7,27.8,3.5,40.5,false,,